{"cameraMode":{"drawMode":0,"name":"Shaded","section":"Shading Mode"},"sceneLighting":true,"audioPlay":false,"sceneViewState":{"showFog":true,"showMaterialUpdate":false,"showSkybox":true,"showFlares":true,"showImageEffects":true,"showParticleSystems":true},"in2DMode":false,"pivot":{"x":-0.017321135848760606,"y":-0.1994059830904007,"z":-0.390869140625},"rotation":{"x":-0.019496994093060495,"y":-0.013497017323970795,"z":-0.0002632362302392721,"w":0.9997192621231079},"size":0.4877668619155884,"orthographic":true}