{"cameraMode":{"drawMode":0,"name":"Shaded","section":"Shading Mode"},"sceneLighting":true,"audioPlay":false,"sceneViewState":{"showFog":true,"showMaterialUpdate":false,"showSkybox":true,"showFlares":true,"showImageEffects":true,"showParticleSystems":true},"in2DMode":false,"pivot":{"x":0.016003280878067018,"y":-0.24299004673957826,"z":-1.2871134281158448},"rotation":{"x":0.03173115476965904,"y":0.6845707893371582,"z":-0.029741430655121805,"w":0.7277878522872925},"size":0.10949951410293579,"orthographic":false}