{"cameraMode":{"drawMode":0,"name":"Shaded","section":"Shading Mode"},"sceneLighting":true,"audioPlay":false,"sceneViewState":{"showFog":true,"showMaterialUpdate":false,"showSkybox":true,"showFlares":true,"showImageEffects":true,"showParticleSystems":true},"in2DMode":false,"pivot":{"x":0.24233266711235047,"y":-0.22689825296401978,"z":-0.21066318452358247},"rotation":{"x":-0.21361222863197328,"y":-0.13837650418281556,"z":0.03058108128607273,"w":-0.966589093208313},"size":0.5443857908248901,"orthographic":false}