{"cameraMode":{"drawMode":0,"name":"Shaded","section":"Shading Mode"},"sceneLighting":true,"audioPlay":false,"sceneViewState":{"showFog":true,"showMaterialUpdate":false,"showSkybox":true,"showFlares":true,"showImageEffects":true,"showParticleSystems":true},"in2DMode":false,"pivot":{"x":-0.5702640414237976,"y":-0.07707663625478745,"z":-0.3802490234375},"rotation":{"x":0.2702166736125946,"y":-0.043305546045303348,"z":0.012182733975350857,"w":0.9617699980735779},"size":0.4470512866973877,"orthographic":true}