{"cameraMode":{"drawMode":0,"name":"Shaded","section":"Shading Mode"},"sceneLighting":true,"audioPlay":false,"sceneViewState":{"showFog":true,"showMaterialUpdate":false,"showSkybox":true,"showFlares":true,"showImageEffects":true,"showParticleSystems":true},"in2DMode":false,"pivot":{"x":-0.11669634282588959,"y":-0.3710203766822815,"z":-0.04909700155258179},"rotation":{"x":0.07640770822763443,"y":-0.022431721910834314,"z":0.0017277812585234643,"w":0.9968438148498535},"size":0.8003429770469666,"orthographic":false}