{"cameraMode":{"drawMode":0,"name":"Shaded","section":"Shading Mode"},"sceneLighting":true,"audioPlay":false,"sceneViewState":{"showFog":true,"showMaterialUpdate":false,"showSkybox":true,"showFlares":true,"showImageEffects":true,"showParticleSystems":true},"in2DMode":false,"pivot":{"x":0.0011551976203918458,"y":-0.4546744227409363,"z":0.19193387031555177},"rotation":{"x":0.1492796093225479,"y":0.04596306011080742,"z":-0.00694315554574132,"w":0.9877190589904785},"size":0.8003429770469666,"orthographic":false}