{"cameraMode":{"drawMode":0,"name":"Shaded","section":"Shading Mode"},"sceneLighting":true,"audioPlay":false,"sceneViewState":{"showFog":true,"showMaterialUpdate":false,"showSkybox":true,"showFlares":true,"showImageEffects":true,"showParticleSystems":true},"in2DMode":false,"pivot":{"x":-0.13172581791877747,"y":-0.4378799498081207,"z":-0.02931046485900879},"rotation":{"x":0.1256730854511261,"y":0.01222162414342165,"z":-0.001417231047526002,"w":0.9921051859855652},"size":0.6000620126724243,"orthographic":false}