{"cameraMode":{"drawMode":0,"name":"Shaded","section":"Shading Mode"},"sceneLighting":true,"audioPlay":false,"sceneViewState":{"showFog":true,"showMaterialUpdate":false,"showSkybox":true,"showFlares":true,"showImageEffects":true,"showParticleSystems":true},"in2DMode":false,"pivot":{"x":0.07787720859050751,"y":-0.16398008167743684,"z":0.0985560417175293},"rotation":{"x":-0.07640796154737473,"y":-0.021842118352651597,"z":0.0016771878581494094,"w":-0.9968490600585938},"size":0.9900371432304382,"orthographic":false}