{"cameraMode":{"drawMode":0,"name":"Shaded","section":"Shading Mode"},"sceneLighting":true,"audioPlay":false,"sceneViewState":{"showFog":true,"showMaterialUpdate":false,"showSkybox":true,"showFlares":true,"showImageEffects":true,"showParticleSystems":true},"in2DMode":false,"pivot":{"x":-0.03437092900276184,"y":-0.2995070219039917,"z":-0.6218767166137695},"rotation":{"x":0.019499382004141809,"y":-0.0006017038831487298,"z":0.000011771200661314651,"w":0.9998127222061157},"size":0.46807605028152468,"orthographic":false}