{"cameraMode":{"drawMode":0,"name":"Shaded","section":"Shading Mode"},"sceneLighting":true,"audioPlay":false,"sceneViewState":{"showFog":true,"showMaterialUpdate":false,"showSkybox":true,"showFlares":true,"showImageEffects":true,"showParticleSystems":true},"in2DMode":false,"pivot":{"x":1.029039740562439,"y":-0.29656511545181277,"z":-1.2257243394851685},"rotation":{"x":0.04602377489209175,"y":0.7157368063926697,"z":-0.04724925756454468,"w":0.695400595664978},"size":0.6000620126724243,"orthographic":false}